candidate_id,dataset_version,label_version,label_status,is_suitable,candidate_origin,source_dataset,evidence_summary,label_reason,review_notes,district_id,district,latitude,longitude,centroid_lat,centroid_lon,geometry_quality,population_density,num_households,nse_ab_pct,nse_c_pct,nse_de_pct,urbanization_rate,dist_nearest_road_m,walkability_score,poi_commercial_500m,poi_educational_500m,poi_parks_500m,land_use_encoded,area_m2,dist_nearest_recycling_m,recycling_density_1km,waste_per_capita_kg,coverage_gap_index,accessibility_composite,nse_high_ratio,recycling_deficit,income_stratum,fuel_expenditure_sol,edu_level_head,household_size_avg,pct_recyclable,pct_plastic,informal_recyclers_count,slope_pct,urbanized_area_pct,recycling_potential_index,road_density,dist_to_market_m,has_park_300m,Distrito,is_optimal_legacy
ECO-REAL-V03-0001,real-candidates-v0.3,is-suitable-v0,desconocido,,legacy_positive_existing_point,C:/Users/nikole.garcia/OneDrive/Repositorios/TESIS/ecolima-ml/data/real/dataset_entrenamiento_v1_materialized.csv,Fila real heredada del dataset ML v1; conserva features como evidencia tecnica provisional.,La etiqueta heredada no se adopta como is_suitable; requiere contrato probado y evidencia independiente.,No usar como dataset supervisado final de tesis; sirve para endpoints y auditoria tecnica provisional.,1,Miraflores,-12.1328968,-77.0255751,-12.1328968,-77.0255751,centroid_legacy_available,8540,28000,71.0,25.0,4.0,0.95,150.0,0.8,8,3,1.0,1,600,505.20554601232806,0,0.74,1.0,0.6799999999999999,71.0,1,5,65.0,5.5,2.8,31.2,12.4,14,0.0,95.0,1971.7152,0.035,400.0,1,Miraflores,1
ECO-REAL-V03-0002,real-candidates-v0.3,is-suitable-v0,desconocido,,legacy_positive_existing_point,C:/Users/nikole.garcia/OneDrive/Repositorios/TESIS/ecolima-ml/data/real/dataset_entrenamiento_v1_materialized.csv,Fila real heredada del dataset ML v1; conserva features como evidencia tecnica provisional.,La etiqueta heredada no se adopta como is_suitable; requiere contrato probado y evidencia independiente.,No usar como dataset supervisado final de tesis; sirve para endpoints y auditoria tecnica provisional.,1,Miraflores,-12.176267,-76.9700756,-12.176267,-76.9700756,centroid_legacy_available,8540,28000,71.0,25.0,4.0,0.95,150.0,0.8,8,3,1.0,1,600,6857.733584795611,0,0.74,1.0,0.6799999999999999,71.0,1,5,65.0,5.5,2.8,31.2,12.4,14,0.0,95.0,1971.7152,0.035,400.0,1,Miraflores,1
ECO-REAL-V03-0003,real-candidates-v0.3,is-suitable-v0,desconocido,,legacy_positive_existing_point,C:/Users/nikole.garcia/OneDrive/Repositorios/TESIS/ecolima-ml/data/real/dataset_entrenamiento_v1_materialized.csv,Fila real heredada del dataset ML v1; conserva features como evidencia tecnica provisional.,La etiqueta heredada no se adopta como is_suitable; requiere contrato probado y evidencia independiente.,No usar como dataset supervisado final de tesis; sirve para endpoints y auditoria tecnica provisional.,1,Miraflores,-12.116842,-77.0457066,-12.116842,-77.0457066,centroid_legacy_available,8540,28000,71.0,25.0,4.0,0.95,150.0,0.8,8,3,1.0,1,600,1915.581993741196,0,0.74,1.0,0.6799999999999999,71.0,1,5,65.0,5.5,2.8,31.2,12.4,14,0.0,95.0,1971.7152,0.035,400.0,1,Miraflores,1
ECO-REAL-V03-0004,real-candidates-v0.3,is-suitable-v0,desconocido,,legacy_positive_existing_point,C:/Users/nikole.garcia/OneDrive/Repositorios/TESIS/ecolima-ml/data/real/dataset_entrenamiento_v1_materialized.csv,Fila real heredada del dataset ML v1; conserva features como evidencia tecnica provisional.,La etiqueta heredada no se adopta como is_suitable; requiere contrato probado y evidencia independiente.,No usar como dataset supervisado final de tesis; sirve para endpoints y auditoria tecnica provisional.,1,Miraflores,-12.128359,-77.0251316,-12.128359,-77.0251316,centroid_legacy_available,8540,28000,71.0,25.0,4.0,0.95,150.0,0.8,8,3,1.0,1,600,505.20554601232806,0,0.74,1.0,0.6799999999999999,71.0,1,5,65.0,5.5,2.8,31.2,12.4,14,0.0,95.0,1971.7152,0.035,400.0,1,Miraflores,1
ECO-REAL-V03-0005,real-candidates-v0.3,is-suitable-v0,desconocido,,legacy_positive_existing_point,C:/Users/nikole.garcia/OneDrive/Repositorios/TESIS/ecolima-ml/data/real/dataset_entrenamiento_v1_materialized.csv,Fila real heredada del dataset ML v1; conserva features como evidencia tecnica provisional.,La etiqueta heredada no se adopta como is_suitable; requiere contrato probado y evidencia independiente.,No usar como dataset supervisado final de tesis; sirve para endpoints y auditoria tecnica provisional.,2,Magdalena del Mar,-12.0919459,-77.0735278,-12.0919459,-77.0735278,centroid_legacy_available,13200,22000,56.0,36.0,8.0,0.95,150.0,0.75,6,2,1.0,1,500,118.10401713493432,1,0.68,0.0,0.6499999999999999,56.0,0,4,55.0,5.1,3.1,28.4,11.1,8,0.0,95.0,2549.184,0.035,400.0,1,Magdalena del Mar,1
ECO-REAL-V03-0006,real-candidates-v0.3,is-suitable-v0,desconocido,,legacy_positive_existing_point,C:/Users/nikole.garcia/OneDrive/Repositorios/TESIS/ecolima-ml/data/real/dataset_entrenamiento_v1_materialized.csv,Fila real heredada del dataset ML v1; conserva features como evidencia tecnica provisional.,La etiqueta heredada no se adopta como is_suitable; requiere contrato probado y evidencia independiente.,No usar como dataset supervisado final de tesis; sirve para endpoints y auditoria tecnica provisional.,2,Magdalena del Mar,-12.0909253,-77.0731484,-12.0909253,-77.0731484,centroid_legacy_available,13200,22000,56.0,36.0,8.0,0.95,150.0,0.75,6,2,1.0,1,500,118.10401713493432,1,0.68,0.0,0.6499999999999999,56.0,0,4,55.0,5.1,3.1,28.4,11.1,8,0.0,95.0,2549.184,0.035,400.0,1,Magdalena del Mar,1
ECO-REAL-V03-0007,real-candidates-v0.3,is-suitable-v0,desconocido,,legacy_positive_existing_point,C:/Users/nikole.garcia/OneDrive/Repositorios/TESIS/ecolima-ml/data/real/dataset_entrenamiento_v1_materialized.csv,Fila real heredada del dataset ML v1; conserva features como evidencia tecnica provisional.,La etiqueta heredada no se adopta como is_suitable; requiere contrato probado y evidencia independiente.,No usar como dataset supervisado final de tesis; sirve para endpoints y auditoria tecnica provisional.,2,Magdalena del Mar,-12.1041493,-77.0604552,-12.1041493,-77.0604552,centroid_legacy_available,13200,22000,56.0,36.0,8.0,0.95,150.0,0.75,6,2,1.0,1,500,282.8068115632057,1,0.68,0.0,0.6499999999999999,56.0,0,4,55.0,5.1,3.1,28.4,11.1,8,0.0,95.0,2549.184,0.035,400.0,1,Magdalena del Mar,1
ECO-REAL-V03-0008,real-candidates-v0.3,is-suitable-v0,desconocido,,legacy_positive_existing_point,C:/Users/nikole.garcia/OneDrive/Repositorios/TESIS/ecolima-ml/data/real/dataset_entrenamiento_v1_materialized.csv,Fila real heredada del dataset ML v1; conserva features como evidencia tecnica provisional.,La etiqueta heredada no se adopta como is_suitable; requiere contrato probado y evidencia independiente.,No usar como dataset supervisado final de tesis; sirve para endpoints y auditoria tecnica provisional.,2,Magdalena del Mar,-12.0907576,-77.0671131,-12.0907576,-77.0671131,centroid_legacy_available,13200,22000,56.0,36.0,8.0,0.95,150.0,0.75,6,2,1.0,1,500,97.335143956293,2,0.68,0.0,0.6499999999999999,56.0,0,4,55.0,5.1,3.1,28.4,11.1,8,0.0,95.0,2549.184,0.035,400.0,1,Magdalena del Mar,1
ECO-REAL-V03-0009,real-candidates-v0.3,is-suitable-v0,desconocido,,legacy_positive_existing_point,C:/Users/nikole.garcia/OneDrive/Repositorios/TESIS/ecolima-ml/data/real/dataset_entrenamiento_v1_materialized.csv,Fila real heredada del dataset ML v1; conserva features como evidencia tecnica provisional.,La etiqueta heredada no se adopta como is_suitable; requiere contrato probado y evidencia independiente.,No usar como dataset supervisado final de tesis; sirve para endpoints y auditoria tecnica provisional.,2,Magdalena del Mar,-12.0916342,-77.0670845,-12.0916342,-77.0670845,centroid_legacy_available,13200,22000,56.0,36.0,8.0,0.95,150.0,0.75,6,2,1.0,1,500,97.335143956293,3,0.68,0.0,0.6499999999999999,56.0,0,4,55.0,5.1,3.1,28.4,11.1,8,0.0,95.0,2549.184,0.035,400.0,1,Magdalena del Mar,1
ECO-REAL-V03-0010,real-candidates-v0.3,is-suitable-v0,desconocido,,legacy_positive_existing_point,C:/Users/nikole.garcia/OneDrive/Repositorios/TESIS/ecolima-ml/data/real/dataset_entrenamiento_v1_materialized.csv,Fila real heredada del dataset ML v1; conserva features como evidencia tecnica provisional.,La etiqueta heredada no se adopta como is_suitable; requiere contrato probado y evidencia independiente.,No usar como dataset supervisado final de tesis; sirve para endpoints y auditoria tecnica provisional.,2,Magdalena del Mar,-12.0928936,-77.0616674,-12.0928936,-77.0616674,centroid_legacy_available,13200,22000,56.0,36.0,8.0,0.95,150.0,0.75,6,2,1.0,1,500,197.291074814897,4,0.68,0.0,0.6499999999999999,56.0,0,4,55.0,5.1,3.1,28.4,11.1,8,0.0,95.0,2549.184,0.035,400.0,1,Magdalena del Mar,1
ECO-REAL-V03-0011,real-candidates-v0.3,is-suitable-v0,desconocido,,legacy_positive_existing_point,C:/Users/nikole.garcia/OneDrive/Repositorios/TESIS/ecolima-ml/data/real/dataset_entrenamiento_v1_materialized.csv,Fila real heredada del dataset ML v1; conserva features como evidencia tecnica provisional.,La etiqueta heredada no se adopta como is_suitable; requiere contrato probado y evidencia independiente.,No usar como dataset supervisado final de tesis; sirve para endpoints y auditoria tecnica provisional.,2,Magdalena del Mar,-12.0893167,-77.0614666,-12.0893167,-77.0614666,centroid_legacy_available,13200,22000,56.0,36.0,8.0,0.95,150.0,0.75,6,2,1.0,1,500,397.42892311081727,3,0.68,0.0,0.6499999999999999,56.0,0,4,55.0,5.1,3.1,28.4,11.1,8,0.0,95.0,2549.184,0.035,400.0,1,Magdalena del Mar,1
ECO-REAL-V03-0012,real-candidates-v0.3,is-suitable-v0,desconocido,,legacy_positive_existing_point,C:/Users/nikole.garcia/OneDrive/Repositorios/TESIS/ecolima-ml/data/real/dataset_entrenamiento_v1_materialized.csv,Fila real heredada del dataset ML v1; conserva features como evidencia tecnica provisional.,La etiqueta heredada no se adopta como is_suitable; requiere contrato probado y evidencia independiente.,No usar como dataset supervisado final de tesis; sirve para endpoints y auditoria tecnica provisional.,2,Magdalena del Mar,-12.0920492,-77.0649069,-12.0920492,-77.0649069,centroid_legacy_available,13200,22000,56.0,36.0,8.0,0.95,150.0,0.75,6,2,1.0,1,500,197.08775003735613,5,0.68,0.0,0.6499999999999999,56.0,0,4,55.0,5.1,3.1,28.4,11.1,8,0.0,95.0,2549.184,0.035,400.0,1,Magdalena del Mar,1
ECO-REAL-V03-0013,real-candidates-v0.3,is-suitable-v0,desconocido,,legacy_positive_existing_point,C:/Users/nikole.garcia/OneDrive/Repositorios/TESIS/ecolima-ml/data/real/dataset_entrenamiento_v1_materialized.csv,Fila real heredada del dataset ML v1; conserva features como evidencia tecnica provisional.,La etiqueta heredada no se adopta como is_suitable; requiere contrato probado y evidencia independiente.,No usar como dataset supervisado final de tesis; sirve para endpoints y auditoria tecnica provisional.,2,Magdalena del Mar,-12.0929362,-77.0594261,-12.0929362,-77.0594261,centroid_legacy_available,13200,22000,56.0,36.0,8.0,0.95,150.0,0.75,6,2,1.0,1,500,197.291074814897,3,0.68,0.0,0.6499999999999999,56.0,0,4,55.0,5.1,3.1,28.4,11.1,8,0.0,95.0,2549.184,0.035,400.0,1,Magdalena del Mar,1
ECO-REAL-V03-0014,real-candidates-v0.3,is-suitable-v0,desconocido,,legacy_positive_existing_point,C:/Users/nikole.garcia/OneDrive/Repositorios/TESIS/ecolima-ml/data/real/dataset_entrenamiento_v1_materialized.csv,Fila real heredada del dataset ML v1; conserva features como evidencia tecnica provisional.,La etiqueta heredada no se adopta como is_suitable; requiere contrato probado y evidencia independiente.,No usar como dataset supervisado final de tesis; sirve para endpoints y auditoria tecnica provisional.,2,Magdalena del Mar,-12.1019248,-77.062022,-12.1019248,-77.062022,centroid_legacy_available,13200,22000,56.0,36.0,8.0,0.95,150.0,0.75,6,2,1.0,1,500,282.8068115632057,1,0.68,0.0,0.6499999999999999,56.0,0,4,55.0,5.1,3.1,28.4,11.1,8,0.0,95.0,2549.184,0.035,400.0,1,Magdalena del Mar,1
ECO-REAL-V03-0015,real-candidates-v0.3,is-suitable-v0,desconocido,,legacy_unobserved_cell_or_negative,C:/Users/nikole.garcia/OneDrive/Repositorios/TESIS/ecolima-ml/data/real/dataset_entrenamiento_v1_materialized.csv,Fila real heredada del dataset ML v1; conserva features como evidencia tecnica provisional.,La etiqueta heredada no se adopta como is_suitable; requiere contrato probado y evidencia independiente.,No usar como dataset supervisado final de tesis; sirve para endpoints y auditoria tecnica provisional.,1,Miraflores,-12.13663170782843,-77.02915573598699,-12.13663170782843,-77.02915573598699,centroid_legacy_available,8540,28000,71.0,25.0,4.0,0.95,150.0,0.8,8,3,1.0,1,600,520.7280551144331,0,0.74,1.0,0.6799999999999999,71.0,1,5,65.0,5.5,2.8,31.2,12.4,14,0.0,95.0,1971.7152,0.035,400.0,1,Miraflores,0
ECO-REAL-V03-0016,real-candidates-v0.3,is-suitable-v0,desconocido,,legacy_unobserved_cell_or_negative,C:/Users/nikole.garcia/OneDrive/Repositorios/TESIS/ecolima-ml/data/real/dataset_entrenamiento_v1_materialized.csv,Fila real heredada del dataset ML v1; conserva features como evidencia tecnica provisional.,La etiqueta heredada no se adopta como is_suitable; requiere contrato probado y evidencia independiente.,No usar como dataset supervisado final de tesis; sirve para endpoints y auditoria tecnica provisional.,1,Miraflores,-12.114955506761786,-77.04904197844102,-12.114955506761786,-77.04904197844102,centroid_legacy_available,8540,28000,71.0,25.0,4.0,0.95,150.0,0.8,8,3,1.0,1,600,360.55337024242266,1,0.74,0.0,0.6799999999999999,71.0,0,5,65.0,5.5,2.8,31.2,12.4,14,0.0,95.0,1971.7152,0.035,400.0,1,Miraflores,0
ECO-REAL-V03-0017,real-candidates-v0.3,is-suitable-v0,desconocido,,legacy_unobserved_cell_or_negative,C:/Users/nikole.garcia/OneDrive/Repositorios/TESIS/ecolima-ml/data/real/dataset_entrenamiento_v1_materialized.csv,Fila real heredada del dataset ML v1; conserva features como evidencia tecnica provisional.,La etiqueta heredada no se adopta como is_suitable; requiere contrato probado y evidencia independiente.,No usar como dataset supervisado final de tesis; sirve para endpoints y auditoria tecnica provisional.,1,Miraflores,-12.120898660503489,-77.02172320660226,-12.120898660503489,-77.02172320660226,centroid_legacy_available,8540,28000,71.0,25.0,4.0,0.95,150.0,0.8,8,3,1.0,1,600,880.743407355873,0,0.74,1.0,0.6799999999999999,71.0,1,5,65.0,5.5,2.8,31.2,12.4,14,0.0,95.0,1971.7152,0.035,400.0,1,Miraflores,0
ECO-REAL-V03-0018,real-candidates-v0.3,is-suitable-v0,desconocido,,legacy_unobserved_cell_or_negative,C:/Users/nikole.garcia/OneDrive/Repositorios/TESIS/ecolima-ml/data/real/dataset_entrenamiento_v1_materialized.csv,Fila real heredada del dataset ML v1; conserva features como evidencia tecnica provisional.,La etiqueta heredada no se adopta como is_suitable; requiere contrato probado y evidencia independiente.,No usar como dataset supervisado final de tesis; sirve para endpoints y auditoria tecnica provisional.,2,Magdalena del Mar,-12.10399149166918,-77.06570716413559,-12.10399149166918,-77.06570716413559,centroid_legacy_available,13200,22000,56.0,36.0,8.0,0.95,150.0,0.75,6,2,1.0,1,500,397.23106584301087,2,0.68,0.0,0.6499999999999999,56.0,0,4,55.0,5.1,3.1,28.4,11.1,8,0.0,95.0,2549.184,0.035,400.0,1,Magdalena del Mar,0
ECO-REAL-V03-0019,real-candidates-v0.3,is-suitable-v0,desconocido,,legacy_unobserved_cell_or_negative,C:/Users/nikole.garcia/OneDrive/Repositorios/TESIS/ecolima-ml/data/real/dataset_entrenamiento_v1_materialized.csv,Fila real heredada del dataset ML v1; conserva features como evidencia tecnica provisional.,La etiqueta heredada no se adopta como is_suitable; requiere contrato probado y evidencia independiente.,No usar como dataset supervisado final de tesis; sirve para endpoints y auditoria tecnica provisional.,1,Miraflores,-12.1252538357488,-77.00462921702248,-12.1252538357488,-77.00462921702248,centroid_legacy_available,8540,28000,71.0,25.0,4.0,0.95,150.0,0.8,8,3,1.0,1,600,1836.837577371359,0,0.74,1.0,0.6799999999999999,71.0,1,5,65.0,5.5,2.8,31.2,12.4,14,0.0,95.0,1971.7152,0.035,400.0,1,Miraflores,0
ECO-REAL-V03-0020,real-candidates-v0.3,is-suitable-v0,desconocido,,legacy_unobserved_cell_or_negative,C:/Users/nikole.garcia/OneDrive/Repositorios/TESIS/ecolima-ml/data/real/dataset_entrenamiento_v1_materialized.csv,Fila real heredada del dataset ML v1; conserva features como evidencia tecnica provisional.,La etiqueta heredada no se adopta como is_suitable; requiere contrato probado y evidencia independiente.,No usar como dataset supervisado final de tesis; sirve para endpoints y auditoria tecnica provisional.,2,Magdalena del Mar,-12.096863749372464,-77.07625034532752,-12.096863749372464,-77.07625034532752,centroid_legacy_available,13200,22000,56.0,36.0,8.0,0.95,150.0,0.75,6,2,1.0,1,500,596.1433216345388,0,0.68,1.0,0.6499999999999999,56.0,1,4,55.0,5.1,3.1,28.4,11.1,8,0.0,95.0,2549.184,0.035,400.0,1,Magdalena del Mar,0
ECO-REAL-V03-0021,real-candidates-v0.3,is-suitable-v0,desconocido,,legacy_unobserved_cell_or_negative,C:/Users/nikole.garcia/OneDrive/Repositorios/TESIS/ecolima-ml/data/real/dataset_entrenamiento_v1_materialized.csv,Fila real heredada del dataset ML v1; conserva features como evidencia tecnica provisional.,La etiqueta heredada no se adopta como is_suitable; requiere contrato probado y evidencia independiente.,No usar como dataset supervisado final de tesis; sirve para endpoints y auditoria tecnica provisional.,1,Miraflores,-12.108405256383987,-77.04046388853024,-12.108405256383987,-77.04046388853024,centroid_legacy_available,8540,28000,71.0,25.0,4.0,0.95,150.0,0.8,8,3,1.0,1,600,1043.9558538902304,0,0.74,1.0,0.6799999999999999,71.0,1,5,65.0,5.5,2.8,31.2,12.4,14,0.0,95.0,1971.7152,0.035,400.0,1,Miraflores,0
ECO-REAL-V03-0022,real-candidates-v0.3,is-suitable-v0,desconocido,,legacy_unobserved_cell_or_negative,C:/Users/nikole.garcia/OneDrive/Repositorios/TESIS/ecolima-ml/data/real/dataset_entrenamiento_v1_materialized.csv,Fila real heredada del dataset ML v1; conserva features como evidencia tecnica provisional.,La etiqueta heredada no se adopta como is_suitable; requiere contrato probado y evidencia independiente.,No usar como dataset supervisado final de tesis; sirve para endpoints y auditoria tecnica provisional.,1,Miraflores,-12.12842037744486,-77.00799896092101,-12.12842037744486,-77.00799896092101,centroid_legacy_available,8540,28000,71.0,25.0,4.0,0.95,150.0,0.8,8,3,1.0,1,600,1507.6876319909022,0,0.74,1.0,0.6799999999999999,71.0,1,5,65.0,5.5,2.8,31.2,12.4,14,0.0,95.0,1971.7152,0.035,400.0,1,Miraflores,0
ECO-REAL-V03-0023,real-candidates-v0.3,is-suitable-v0,desconocido,,legacy_unobserved_cell_or_negative,C:/Users/nikole.garcia/OneDrive/Repositorios/TESIS/ecolima-ml/data/real/dataset_entrenamiento_v1_materialized.csv,Fila real heredada del dataset ML v1; conserva features como evidencia tecnica provisional.,La etiqueta heredada no se adopta como is_suitable; requiere contrato probado y evidencia independiente.,No usar como dataset supervisado final de tesis; sirve para endpoints y auditoria tecnica provisional.,1,Miraflores,-12.119802407520703,-77.03095737476168,-12.119802407520703,-77.03095737476168,centroid_legacy_available,8540,28000,71.0,25.0,4.0,0.95,150.0,0.8,8,3,1.0,1,600,1079.3118471036048,0,0.74,1.0,0.6799999999999999,71.0,1,5,65.0,5.5,2.8,31.2,12.4,14,0.0,95.0,1971.7152,0.035,400.0,1,Miraflores,0
ECO-REAL-V03-0024,real-candidates-v0.3,is-suitable-v0,desconocido,,legacy_unobserved_cell_or_negative,C:/Users/nikole.garcia/OneDrive/Repositorios/TESIS/ecolima-ml/data/real/dataset_entrenamiento_v1_materialized.csv,Fila real heredada del dataset ML v1; conserva features como evidencia tecnica provisional.,La etiqueta heredada no se adopta como is_suitable; requiere contrato probado y evidencia independiente.,No usar como dataset supervisado final de tesis; sirve para endpoints y auditoria tecnica provisional.,1,Miraflores,-12.108369793436577,-77.04926942905772,-12.108369793436577,-77.04926942905772,centroid_legacy_available,8540,28000,71.0,25.0,4.0,0.95,150.0,0.8,8,3,1.0,1,600,991.3024991132644,0,0.74,1.0,0.6799999999999999,71.0,1,5,65.0,5.5,2.8,31.2,12.4,14,0.0,95.0,1971.7152,0.035,400.0,1,Miraflores,0
ECO-REAL-V03-0025,real-candidates-v0.3,is-suitable-v0,desconocido,,legacy_unobserved_cell_or_negative,C:/Users/nikole.garcia/OneDrive/Repositorios/TESIS/ecolima-ml/data/real/dataset_entrenamiento_v1_materialized.csv,Fila real heredada del dataset ML v1; conserva features como evidencia tecnica provisional.,La etiqueta heredada no se adopta como is_suitable; requiere contrato probado y evidencia independiente.,No usar como dataset supervisado final de tesis; sirve para endpoints y auditoria tecnica provisional.,1,Miraflores,-12.128451687395732,-77.01266967682173,-12.128451687395732,-77.01266967682173,centroid_legacy_available,8540,28000,71.0,25.0,4.0,0.95,150.0,0.8,8,3,1.0,1,600,1096.697498876807,0,0.74,1.0,0.6799999999999999,71.0,1,5,65.0,5.5,2.8,31.2,12.4,14,0.0,95.0,1971.7152,0.035,400.0,1,Miraflores,0
ECO-REAL-V03-0026,real-candidates-v0.3,is-suitable-v0,desconocido,,legacy_unobserved_cell_or_negative,C:/Users/nikole.garcia/OneDrive/Repositorios/TESIS/ecolima-ml/data/real/dataset_entrenamiento_v1_materialized.csv,Fila real heredada del dataset ML v1; conserva features como evidencia tecnica provisional.,La etiqueta heredada no se adopta como is_suitable; requiere contrato probado y evidencia independiente.,No usar como dataset supervisado final de tesis; sirve para endpoints y auditoria tecnica provisional.,1,Miraflores,-12.11096335050404,-77.03529079328784,-12.11096335050404,-77.03529079328784,centroid_legacy_available,8540,28000,71.0,25.0,4.0,0.95,150.0,0.8,8,3,1.0,1,600,1125.137577285801,0,0.74,1.0,0.6799999999999999,71.0,1,5,65.0,5.5,2.8,31.2,12.4,14,0.0,95.0,1971.7152,0.035,400.0,1,Miraflores,0
ECO-REAL-V03-0027,real-candidates-v0.3,is-suitable-v0,desconocido,,legacy_unobserved_cell_or_negative,C:/Users/nikole.garcia/OneDrive/Repositorios/TESIS/ecolima-ml/data/real/dataset_entrenamiento_v1_materialized.csv,Fila real heredada del dataset ML v1; conserva features como evidencia tecnica provisional.,La etiqueta heredada no se adopta como is_suitable; requiere contrato probado y evidencia independiente.,No usar como dataset supervisado final de tesis; sirve para endpoints y auditoria tecnica provisional.,1,Miraflores,-12.116993577443877,-77.00977087063391,-12.116993577443877,-77.00977087063391,centroid_legacy_available,8540,28000,71.0,25.0,4.0,0.95,150.0,0.8,8,3,1.0,1,600,1848.9864186904224,0,0.74,1.0,0.6799999999999999,71.0,1,5,65.0,5.5,2.8,31.2,12.4,14,0.0,95.0,1971.7152,0.035,400.0,1,Miraflores,0
ECO-REAL-V03-0028,real-candidates-v0.3,is-suitable-v0,desconocido,,legacy_unobserved_cell_or_negative,C:/Users/nikole.garcia/OneDrive/Repositorios/TESIS/ecolima-ml/data/real/dataset_entrenamiento_v1_materialized.csv,Fila real heredada del dataset ML v1; conserva features como evidencia tecnica provisional.,La etiqueta heredada no se adopta como is_suitable; requiere contrato probado y evidencia independiente.,No usar como dataset supervisado final de tesis; sirve para endpoints y auditoria tecnica provisional.,1,Miraflores,-12.115249940360696,-77.03551533478388,-12.115249940360696,-77.03551533478388,centroid_legacy_available,8540,28000,71.0,25.0,4.0,0.95,150.0,0.8,8,3,1.0,1,600,914.0765401692043,0,0.74,1.0,0.6799999999999999,71.0,1,5,65.0,5.5,2.8,31.2,12.4,14,0.0,95.0,1971.7152,0.035,400.0,1,Miraflores,0
ECO-REAL-V03-0029,real-candidates-v0.3,is-suitable-v0,desconocido,,legacy_unobserved_cell_or_negative,C:/Users/nikole.garcia/OneDrive/Repositorios/TESIS/ecolima-ml/data/real/dataset_entrenamiento_v1_materialized.csv,Fila real heredada del dataset ML v1; conserva features como evidencia tecnica provisional.,La etiqueta heredada no se adopta como is_suitable; requiere contrato probado y evidencia independiente.,No usar como dataset supervisado final de tesis; sirve para endpoints y auditoria tecnica provisional.,2,Magdalena del Mar,-12.085234749177909,-77.06858315869663,-12.085234749177909,-77.06858315869663,centroid_legacy_available,13200,22000,56.0,36.0,8.0,0.95,150.0,0.75,6,2,1.0,1,500,626.5373287340298,0,0.68,1.0,0.6499999999999999,56.0,1,4,55.0,5.1,3.1,28.4,11.1,8,0.0,95.0,2549.184,0.035,400.0,1,Magdalena del Mar,0
ECO-REAL-V03-0030,real-candidates-v0.3,is-suitable-v0,desconocido,,legacy_unobserved_cell_or_negative,C:/Users/nikole.garcia/OneDrive/Repositorios/TESIS/ecolima-ml/data/real/dataset_entrenamiento_v1_materialized.csv,Fila real heredada del dataset ML v1; conserva features como evidencia tecnica provisional.,La etiqueta heredada no se adopta como is_suitable; requiere contrato probado y evidencia independiente.,No usar como dataset supervisado final de tesis; sirve para endpoints y auditoria tecnica provisional.,1,Miraflores,-12.124388366547056,-77.0218069341068,-12.124388366547056,-77.0218069341068,centroid_legacy_available,8540,28000,71.0,25.0,4.0,0.95,150.0,0.8,8,3,1.0,1,600,529.0081085511323,0,0.74,1.0,0.6799999999999999,71.0,1,5,65.0,5.5,2.8,31.2,12.4,14,0.0,95.0,1971.7152,0.035,400.0,1,Miraflores,0
ECO-REAL-V03-0031,real-candidates-v0.3,is-suitable-v0,desconocido,,legacy_unobserved_cell_or_negative,C:/Users/nikole.garcia/OneDrive/Repositorios/TESIS/ecolima-ml/data/real/dataset_entrenamiento_v1_materialized.csv,Fila real heredada del dataset ML v1; conserva features como evidencia tecnica provisional.,La etiqueta heredada no se adopta como is_suitable; requiere contrato probado y evidencia independiente.,No usar como dataset supervisado final de tesis; sirve para endpoints y auditoria tecnica provisional.,1,Miraflores,-12.120352329609664,-77.00862582578887,-12.120352329609664,-77.00862582578887,centroid_legacy_available,8540,28000,71.0,25.0,4.0,0.95,150.0,0.8,8,3,1.0,1,600,1702.8327550525005,0,0.74,1.0,0.6799999999999999,71.0,1,5,65.0,5.5,2.8,31.2,12.4,14,0.0,95.0,1971.7152,0.035,400.0,1,Miraflores,0
ECO-REAL-V03-0032,real-candidates-v0.3,is-suitable-v0,desconocido,,legacy_unobserved_cell_or_negative,C:/Users/nikole.garcia/OneDrive/Repositorios/TESIS/ecolima-ml/data/real/dataset_entrenamiento_v1_materialized.csv,Fila real heredada del dataset ML v1; conserva features como evidencia tecnica provisional.,La etiqueta heredada no se adopta como is_suitable; requiere contrato probado y evidencia independiente.,No usar como dataset supervisado final de tesis; sirve para endpoints y auditoria tecnica provisional.,1,Miraflores,-12.12694848049562,-77.03840119913025,-12.12694848049562,-77.03840119913025,centroid_legacy_available,8540,28000,71.0,25.0,4.0,0.95,150.0,0.8,8,3,1.0,1,600,1178.174207621474,0,0.74,1.0,0.6799999999999999,71.0,1,5,65.0,5.5,2.8,31.2,12.4,14,0.0,95.0,1971.7152,0.035,400.0,1,Miraflores,0
ECO-REAL-V03-0033,real-candidates-v0.3,is-suitable-v0,desconocido,,legacy_unobserved_cell_or_negative,C:/Users/nikole.garcia/OneDrive/Repositorios/TESIS/ecolima-ml/data/real/dataset_entrenamiento_v1_materialized.csv,Fila real heredada del dataset ML v1; conserva features como evidencia tecnica provisional.,La etiqueta heredada no se adopta como is_suitable; requiere contrato probado y evidencia independiente.,No usar como dataset supervisado final de tesis; sirve para endpoints y auditoria tecnica provisional.,1,Miraflores,-12.120137772072624,-77.01237886414852,-12.120137772072624,-77.01237886414852,centroid_legacy_available,8540,28000,71.0,25.0,4.0,0.95,150.0,0.8,8,3,1.0,1,600,1446.438146822678,0,0.74,1.0,0.6799999999999999,71.0,1,5,65.0,5.5,2.8,31.2,12.4,14,0.0,95.0,1971.7152,0.035,400.0,1,Miraflores,0
ECO-REAL-V03-0034,real-candidates-v0.3,is-suitable-v0,desconocido,,legacy_unobserved_cell_or_negative,C:/Users/nikole.garcia/OneDrive/Repositorios/TESIS/ecolima-ml/data/real/dataset_entrenamiento_v1_materialized.csv,Fila real heredada del dataset ML v1; conserva features como evidencia tecnica provisional.,La etiqueta heredada no se adopta como is_suitable; requiere contrato probado y evidencia independiente.,No usar como dataset supervisado final de tesis; sirve para endpoints y auditoria tecnica provisional.,1,Miraflores,-12.124354822988373,-77.02639926037745,-12.124354822988373,-77.02639926037745,centroid_legacy_available,8540,28000,71.0,25.0,4.0,0.95,150.0,0.8,8,3,1.0,1,600,458.2491187412194,1,0.74,0.0,0.6799999999999999,71.0,0,5,65.0,5.5,2.8,31.2,12.4,14,0.0,95.0,1971.7152,0.035,400.0,1,Miraflores,0
ECO-REAL-V03-0035,real-candidates-v0.3,is-suitable-v0,desconocido,,legacy_unobserved_cell_or_negative,C:/Users/nikole.garcia/OneDrive/Repositorios/TESIS/ecolima-ml/data/real/dataset_entrenamiento_v1_materialized.csv,Fila real heredada del dataset ML v1; conserva features como evidencia tecnica provisional.,La etiqueta heredada no se adopta como is_suitable; requiere contrato probado y evidencia independiente.,No usar como dataset supervisado final de tesis; sirve para endpoints y auditoria tecnica provisional.,2,Magdalena del Mar,-12.09690311384833,-77.07211261786162,-12.09690311384833,-77.07211261786162,centroid_legacy_available,13200,22000,56.0,36.0,8.0,0.95,150.0,0.75,6,2,1.0,1,500,564.1676134484336,0,0.68,1.0,0.6499999999999999,56.0,1,4,55.0,5.1,3.1,28.4,11.1,8,0.0,95.0,2549.184,0.035,400.0,1,Magdalena del Mar,0
ECO-REAL-V03-0036,real-candidates-v0.3,is-suitable-v0,desconocido,,legacy_unobserved_cell_or_negative,C:/Users/nikole.garcia/OneDrive/Repositorios/TESIS/ecolima-ml/data/real/dataset_entrenamiento_v1_materialized.csv,Fila real heredada del dataset ML v1; conserva features como evidencia tecnica provisional.,La etiqueta heredada no se adopta como is_suitable; requiere contrato probado y evidencia independiente.,No usar como dataset supervisado final de tesis; sirve para endpoints y auditoria tecnica provisional.,1,Miraflores,-12.124455225716066,-77.0126222406546,-12.124455225716066,-77.0126222406546,centroid_legacy_available,8540,28000,71.0,25.0,4.0,0.95,150.0,0.8,8,3,1.0,1,600,1183.0375971063602,0,0.74,1.0,0.6799999999999999,71.0,1,5,65.0,5.5,2.8,31.2,12.4,14,0.0,95.0,1971.7152,0.035,400.0,1,Miraflores,0
ECO-REAL-V03-0037,real-candidates-v0.3,is-suitable-v0,desconocido,,legacy_unobserved_cell_or_negative,C:/Users/nikole.garcia/OneDrive/Repositorios/TESIS/ecolima-ml/data/real/dataset_entrenamiento_v1_materialized.csv,Fila real heredada del dataset ML v1; conserva features como evidencia tecnica provisional.,La etiqueta heredada no se adopta como is_suitable; requiere contrato probado y evidencia independiente.,No usar como dataset supervisado final de tesis; sirve para endpoints y auditoria tecnica provisional.,1,Miraflores,-12.119768724926882,-77.03554959644893,-12.119768724926882,-77.03554959644893,centroid_legacy_available,8540,28000,71.0,25.0,4.0,0.95,150.0,0.8,8,3,1.0,1,600,951.0235653161026,0,0.74,1.0,0.6799999999999999,71.0,1,5,65.0,5.5,2.8,31.2,12.4,14,0.0,95.0,1971.7152,0.035,400.0,1,Miraflores,0
ECO-REAL-V03-0038,real-candidates-v0.3,is-suitable-v0,desconocido,,legacy_unobserved_cell_or_negative,C:/Users/nikole.garcia/OneDrive/Repositorios/TESIS/ecolima-ml/data/real/dataset_entrenamiento_v1_materialized.csv,Fila real heredada del dataset ML v1; conserva features como evidencia tecnica provisional.,La etiqueta heredada no se adopta como is_suitable; requiere contrato probado y evidencia independiente.,No usar como dataset supervisado final de tesis; sirve para endpoints y auditoria tecnica provisional.,1,Miraflores,-12.131228963904531,-77.01859084182661,-12.131228963904531,-77.01859084182661,centroid_legacy_available,8540,28000,71.0,25.0,4.0,0.95,150.0,0.8,8,3,1.0,1,600,641.8911889249913,0,0.74,1.0,0.6799999999999999,71.0,1,5,65.0,5.5,2.8,31.2,12.4,14,0.0,95.0,1971.7152,0.035,400.0,1,Miraflores,0
ECO-REAL-V03-0039,real-candidates-v0.3,is-suitable-v0,desconocido,,legacy_unobserved_cell_or_negative,C:/Users/nikole.garcia/OneDrive/Repositorios/TESIS/ecolima-ml/data/real/dataset_entrenamiento_v1_materialized.csv,Fila real heredada del dataset ML v1; conserva features como evidencia tecnica provisional.,La etiqueta heredada no se adopta como is_suitable; requiere contrato probado y evidencia independiente.,No usar como dataset supervisado final de tesis; sirve para endpoints y auditoria tecnica provisional.,1,Miraflores,-12.1117287763341,-77.04464763802274,-12.1117287763341,-77.04464763802274,centroid_legacy_available,8540,28000,71.0,25.0,4.0,0.95,150.0,0.8,8,3,1.0,1,600,575.1672481837678,0,0.74,1.0,0.6799999999999999,71.0,1,5,65.0,5.5,2.8,31.2,12.4,14,0.0,95.0,1971.7152,0.035,400.0,1,Miraflores,0
ECO-REAL-V03-0040,real-candidates-v0.3,is-suitable-v0,desconocido,,legacy_unobserved_cell_or_negative,C:/Users/nikole.garcia/OneDrive/Repositorios/TESIS/ecolima-ml/data/real/dataset_entrenamiento_v1_materialized.csv,Fila real heredada del dataset ML v1; conserva features como evidencia tecnica provisional.,La etiqueta heredada no se adopta como is_suitable; requiere contrato probado y evidencia independiente.,No usar como dataset supervisado final de tesis; sirve para endpoints y auditoria tecnica provisional.,1,Miraflores,-12.1063372952452,-77.03075648379081,-12.1063372952452,-77.03075648379081,centroid_legacy_available,8540,28000,71.0,25.0,4.0,0.95,150.0,0.8,8,3,1.0,1,600,1757.9641928990368,0,0.74,1.0,0.6799999999999999,71.0,1,5,65.0,5.5,2.8,31.2,12.4,14,0.0,95.0,1971.7152,0.035,400.0,1,Miraflores,0
ECO-REAL-V03-0041,real-candidates-v0.3,is-suitable-v0,desconocido,,legacy_unobserved_cell_or_negative,C:/Users/nikole.garcia/OneDrive/Repositorios/TESIS/ecolima-ml/data/real/dataset_entrenamiento_v1_materialized.csv,Fila real heredada del dataset ML v1; conserva features como evidencia tecnica provisional.,La etiqueta heredada no se adopta como is_suitable; requiere contrato probado y evidencia independiente.,No usar como dataset supervisado final de tesis; sirve para endpoints y auditoria tecnica provisional.,1,Miraflores,-12.124321203448318,-77.03099157296982,-12.124321203448318,-77.03099157296982,centroid_legacy_available,8540,28000,71.0,25.0,4.0,0.95,150.0,0.8,8,3,1.0,1,600,683.2294937925676,0,0.74,1.0,0.6799999999999999,71.0,1,5,65.0,5.5,2.8,31.2,12.4,14,0.0,95.0,1971.7152,0.035,400.0,1,Miraflores,0
ECO-REAL-V03-0042,real-candidates-v0.3,is-suitable-v0,desconocido,,legacy_unobserved_cell_or_negative,C:/Users/nikole.garcia/OneDrive/Repositorios/TESIS/ecolima-ml/data/real/dataset_entrenamiento_v1_materialized.csv,Fila real heredada del dataset ML v1; conserva features como evidencia tecnica provisional.,La etiqueta heredada no se adopta como is_suitable; requiere contrato probado y evidencia independiente.,No usar como dataset supervisado final de tesis; sirve para endpoints y auditoria tecnica provisional.,1,Miraflores,-12.115283610028388,-77.03092319026166,-12.115283610028388,-77.03092319026166,centroid_legacy_available,8540,28000,71.0,25.0,4.0,0.95,150.0,0.8,8,3,1.0,1,600,1312.3900172737308,0,0.74,1.0,0.6799999999999999,71.0,1,5,65.0,5.5,2.8,31.2,12.4,14,0.0,95.0,1971.7152,0.035,400.0,1,Miraflores,0
ECO-REAL-V03-0043,real-candidates-v0.3,is-suitable-v0,desconocido,,legacy_unobserved_cell_or_negative,C:/Users/nikole.garcia/OneDrive/Repositorios/TESIS/ecolima-ml/data/real/dataset_entrenamiento_v1_materialized.csv,Fila real heredada del dataset ML v1; conserva features como evidencia tecnica provisional.,La etiqueta heredada no se adopta como is_suitable; requiere contrato probado y evidencia independiente.,No usar como dataset supervisado final de tesis; sirve para endpoints y auditoria tecnica provisional.,1,Miraflores,-12.124421834123307,-77.01721459418889,-12.124421834123307,-77.01721459418889,centroid_legacy_available,8540,28000,71.0,25.0,4.0,0.95,150.0,0.8,8,3,1.0,1,600,822.4215707122157,0,0.74,1.0,0.6799999999999999,71.0,1,5,65.0,5.5,2.8,31.2,12.4,14,0.0,95.0,1971.7152,0.035,400.0,1,Miraflores,0
ECO-REAL-V03-0044,real-candidates-v0.3,is-suitable-v0,desconocido,,legacy_unobserved_cell_or_negative,C:/Users/nikole.garcia/OneDrive/Repositorios/TESIS/ecolima-ml/data/real/dataset_entrenamiento_v1_materialized.csv,Fila real heredada del dataset ML v1; conserva features como evidencia tecnica provisional.,La etiqueta heredada no se adopta como is_suitable; requiere contrato probado y evidencia independiente.,No usar como dataset supervisado final de tesis; sirve para endpoints y auditoria tecnica provisional.,2,Magdalena del Mar,-12.096756303706051,-77.05969104416302,-12.096756303706051,-77.05969104416302,centroid_legacy_available,13200,22000,56.0,36.0,8.0,0.95,150.0,0.75,6,2,1.0,1,500,424.6720097763112,2,0.68,0.0,0.6499999999999999,56.0,0,4,55.0,5.1,3.1,28.4,11.1,8,0.0,95.0,2549.184,0.035,400.0,1,Magdalena del Mar,0
ECO-REAL-V03-0045,real-candidates-v0.3,is-suitable-v0,desconocido,,legacy_unobserved_cell_or_negative,C:/Users/nikole.garcia/OneDrive/Repositorios/TESIS/ecolima-ml/data/real/dataset_entrenamiento_v1_materialized.csv,Fila real heredada del dataset ML v1; conserva features como evidencia tecnica provisional.,La etiqueta heredada no se adopta como is_suitable; requiere contrato probado y evidencia independiente.,No usar como dataset supervisado final de tesis; sirve para endpoints y auditoria tecnica provisional.,1,Miraflores,-12.122219530076611,-77.00569819214797,-12.122219530076611,-77.00569819214797,centroid_legacy_available,8540,28000,71.0,25.0,4.0,0.95,150.0,0.8,8,3,1.0,1,600,1840.922328667751,0,0.74,1.0,0.6799999999999999,71.0,1,5,65.0,5.5,2.8,31.2,12.4,14,0.0,95.0,1971.7152,0.035,400.0,1,Miraflores,0
ECO-REAL-V03-0046,real-candidates-v0.3,is-suitable-v0,desconocido,,legacy_unobserved_cell_or_negative,C:/Users/nikole.garcia/OneDrive/Repositorios/TESIS/ecolima-ml/data/real/dataset_entrenamiento_v1_materialized.csv,Fila real heredada del dataset ML v1; conserva features como evidencia tecnica provisional.,La etiqueta heredada no se adopta como is_suitable; requiere contrato probado y evidencia independiente.,No usar como dataset supervisado final de tesis; sirve para endpoints y auditoria tecnica provisional.,1,Miraflores,-12.124287507927948,-77.03558387185302,-12.124287507927948,-77.03558387185302,centroid_legacy_available,8540,28000,71.0,25.0,4.0,0.95,150.0,0.8,8,3,1.0,1,600,1024.83057287318,0,0.74,1.0,0.6799999999999999,71.0,1,5,65.0,5.5,2.8,31.2,12.4,14,0.0,95.0,1971.7152,0.035,400.0,1,Miraflores,0
ECO-REAL-V03-0047,real-candidates-v0.3,is-suitable-v0,desconocido,,legacy_unobserved_cell_or_negative,C:/Users/nikole.garcia/OneDrive/Repositorios/TESIS/ecolima-ml/data/real/dataset_entrenamiento_v1_materialized.csv,Fila real heredada del dataset ML v1; conserva features como evidencia tecnica provisional.,La etiqueta heredada no se adopta como is_suitable; requiere contrato probado y evidencia independiente.,No usar como dataset supervisado final de tesis; sirve para endpoints y auditoria tecnica provisional.,1,Miraflores,-12.12849183055906,-77.03519087111668,-12.12849183055906,-77.03519087111668,centroid_legacy_available,8540,28000,71.0,25.0,4.0,0.95,150.0,0.8,8,3,1.0,1,600,885.3386396907849,0,0.74,1.0,0.6799999999999999,71.0,1,5,65.0,5.5,2.8,31.2,12.4,14,0.0,95.0,1971.7152,0.035,400.0,1,Miraflores,0
ECO-REAL-V03-0048,real-candidates-v0.3,is-suitable-v0,desconocido,,legacy_unobserved_cell_or_negative,C:/Users/nikole.garcia/OneDrive/Repositorios/TESIS/ecolima-ml/data/real/dataset_entrenamiento_v1_materialized.csv,Fila real heredada del dataset ML v1; conserva features como evidencia tecnica provisional.,La etiqueta heredada no se adopta como is_suitable; requiere contrato probado y evidencia independiente.,No usar como dataset supervisado final de tesis; sirve para endpoints y auditoria tecnica provisional.,1,Miraflores,-12.123649753251724,-77.03974518951249,-12.123649753251724,-77.03974518951249,centroid_legacy_available,8540,28000,71.0,25.0,4.0,0.95,150.0,0.8,8,3,1.0,1,600,919.9089328261864,0,0.74,1.0,0.6799999999999999,71.0,1,5,65.0,5.5,2.8,31.2,12.4,14,0.0,95.0,1971.7152,0.035,400.0,1,Miraflores,0
ECO-REAL-V03-0049,real-candidates-v0.3,is-suitable-v0,desconocido,,legacy_unobserved_cell_or_negative,C:/Users/nikole.garcia/OneDrive/Repositorios/TESIS/ecolima-ml/data/real/dataset_entrenamiento_v1_materialized.csv,Fila real heredada del dataset ML v1; conserva features como evidencia tecnica provisional.,La etiqueta heredada no se adopta como is_suitable; requiere contrato probado y evidencia independiente.,No usar como dataset supervisado final de tesis; sirve para endpoints y auditoria tecnica provisional.,2,Magdalena del Mar,-12.100189224730816,-77.07167252240225,-12.100189224730816,-77.07167252240225,centroid_legacy_available,13200,22000,56.0,36.0,8.0,0.95,150.0,0.75,6,2,1.0,1,500,870.8227725678046,0,0.68,1.0,0.6499999999999999,56.0,1,4,55.0,5.1,3.1,28.4,11.1,8,0.0,95.0,2549.184,0.035,400.0,1,Magdalena del Mar,0
ECO-REAL-V03-0050,real-candidates-v0.3,is-suitable-v0,desconocido,,legacy_unobserved_cell_or_negative,C:/Users/nikole.garcia/OneDrive/Repositorios/TESIS/ecolima-ml/data/real/dataset_entrenamiento_v1_materialized.csv,Fila real heredada del dataset ML v1; conserva features como evidencia tecnica provisional.,La etiqueta heredada no se adopta como is_suitable; requiere contrato probado y evidencia independiente.,No usar como dataset supervisado final de tesis; sirve para endpoints y auditoria tecnica provisional.,1,Miraflores,-12.12010246099875,-77.02663938697944,-12.12010246099875,-77.02663938697944,centroid_legacy_available,8540,28000,71.0,25.0,4.0,0.95,150.0,0.8,8,3,1.0,1,600,926.0309509273236,0,0.74,1.0,0.6799999999999999,71.0,1,5,65.0,5.5,2.8,31.2,12.4,14,0.0,95.0,1971.7152,0.035,400.0,1,Miraflores,0
ECO-REAL-V03-0051,real-candidates-v0.3,is-suitable-v0,desconocido,,legacy_unobserved_cell_or_negative,C:/Users/nikole.garcia/OneDrive/Repositorios/TESIS/ecolima-ml/data/real/dataset_entrenamiento_v1_materialized.csv,Fila real heredada del dataset ML v1; conserva features como evidencia tecnica provisional.,La etiqueta heredada no se adopta como is_suitable; requiere contrato probado y evidencia independiente.,No usar como dataset supervisado final de tesis; sirve para endpoints y auditoria tecnica provisional.,1,Miraflores,-12.111094889858364,-77.05331711664428,-12.111094889858364,-77.05331711664428,centroid_legacy_available,8540,28000,71.0,25.0,4.0,0.95,150.0,0.8,8,3,1.0,1,600,924.9248051018952,0,0.74,1.0,0.6799999999999999,71.0,1,5,65.0,5.5,2.8,31.2,12.4,14,0.0,95.0,1971.7152,0.035,400.0,1,Miraflores,0
ECO-REAL-V03-0052,real-candidates-v0.3,is-suitable-v0,desconocido,,legacy_unobserved_cell_or_negative,C:/Users/nikole.garcia/OneDrive/Repositorios/TESIS/ecolima-ml/data/real/dataset_entrenamiento_v1_materialized.csv,Fila real heredada del dataset ML v1; conserva features como evidencia tecnica provisional.,La etiqueta heredada no se adopta como is_suitable; requiere contrato probado y evidencia independiente.,No usar como dataset supervisado final de tesis; sirve para endpoints y auditoria tecnica provisional.,2,Magdalena del Mar,-12.096937338220938,-77.06752089242362,-12.096937338220938,-77.06752089242362,centroid_legacy_available,13200,22000,56.0,36.0,8.0,0.95,150.0,0.75,6,2,1.0,1,500,589.3310596553699,0,0.68,1.0,0.6499999999999999,56.0,1,4,55.0,5.1,3.1,28.4,11.1,8,0.0,95.0,2549.184,0.035,400.0,1,Magdalena del Mar,0
ECO-REAL-V03-0053,real-candidates-v0.3,is-suitable-v0,desconocido,,legacy_unobserved_cell_or_negative,C:/Users/nikole.garcia/OneDrive/Repositorios/TESIS/ecolima-ml/data/real/dataset_entrenamiento_v1_materialized.csv,Fila real heredada del dataset ML v1; conserva features como evidencia tecnica provisional.,La etiqueta heredada no se adopta como is_suitable; requiere contrato probado y evidencia independiente.,No usar como dataset supervisado final de tesis; sirve para endpoints y auditoria tecnica provisional.,1,Miraflores,-12.11105524464578,-77.04005478224313,-12.11105524464578,-77.04005478224313,centroid_legacy_available,8540,28000,71.0,25.0,4.0,0.95,150.0,0.8,8,3,1.0,1,600,812.3758743980575,0,0.74,1.0,0.6799999999999999,71.0,1,5,65.0,5.5,2.8,31.2,12.4,14,0.0,95.0,1971.7152,0.035,400.0,1,Miraflores,0
ECO-REAL-V03-0054,real-candidates-v0.3,is-suitable-v0,desconocido,,legacy_unobserved_cell_or_negative,C:/Users/nikole.garcia/OneDrive/Repositorios/TESIS/ecolima-ml/data/real/dataset_entrenamiento_v1_materialized.csv,Fila real heredada del dataset ML v1; conserva features como evidencia tecnica provisional.,La etiqueta heredada no se adopta como is_suitable; requiere contrato probado y evidencia independiente.,No usar como dataset supervisado final de tesis; sirve para endpoints y auditoria tecnica provisional.,1,Miraflores,-12.12448854132428,-77.00802987353487,-12.12448854132428,-77.00802987353487,centroid_legacy_available,8540,28000,71.0,25.0,4.0,0.95,150.0,0.8,8,3,1.0,1,600,1565.0733009304222,0,0.74,1.0,0.6799999999999999,71.0,1,5,65.0,5.5,2.8,31.2,12.4,14,0.0,95.0,1971.7152,0.035,400.0,1,Miraflores,0
